Date,Ticker,Open,High,Low,Close,Adj Close,Volume
2024-10-17,TCS.NS,4112.7998046875,4129.9501953125,4092.949951171875,4109.0,3961.211669921875,2522659
2024-10-18,TCS.NS,4090.0,4146.14990234375,4080.0,4123.0498046875,3984.452880859375,2361000
2024-10-21,TCS.NS,4132.60009765625,4139.9501953125,4070.0,4079.85009765625,3942.70556640625,1595450
2024-10-22,TCS.NS,4066.0,4089.800048828125,4006.35009765625,4015.5,3880.5185546875,1928049
2024-10-23,TCS.NS,3999.60009765625,4113.5498046875,3995.14990234375,4066.25,3929.5625,1966476
2024-10-24,TCS.NS,4004.0,4079.0,4004.0,4047.89990234375,3911.829345703125,2676744
2024-10-25,TCS.NS,4057.050048828125,4092.0,4032.699951171875,4057.550048828125,3921.155029296875,1759676
2024-10-28,TCS.NS,4068.949951171875,4134.0,4051.0,4090.85009765625,3953.335693359375,1532534
2024-10-29,TCS.NS,4095.85009765625,4103.5,4060.10009765625,4075.25,3938.260009765625,1445885
2024-10-30,TCS.NS,4075.0,4107.0,4060.050048828125,4084.64990234375,3947.34375,1935002
2024-10-31,TCS.NS,4070.0,4078.300048828125,3960.0,3968.449951171875,3835.050048828125,3740372
2024-11-01,TCS.NS,3989.85009765625,3998.949951171875,3976.050048828125,3984.199951171875,3850.2705078125,154895
2024-11-04,TCS.NS,3966.300048828125,3991.89990234375,3913.25,3964.14990234375,3830.89453125,2269192
2024-11-05,TCS.NS,3941.10009765625,3986.0,3941.10009765625,3971.35009765625,3837.8525390625,967590
2024-11-06,TCS.NS,4003.60009765625,4149.7998046875,3975.25,4139.64990234375,4000.494873046875,3792017
2024-11-07,TCS.NS,4169.7001953125,4205.7998046875,4085.050048828125,4150.89990234375,4011.36669921875,3724349
2024-11-08,TCS.NS,4155.0,4169.75,4117.64990234375,4147.0,4007.59814453125,1648039
2024-11-11,TCS.NS,4128.2001953125,4234.2998046875,4117.64990234375,4198.7001953125,4057.56005859375,1406487
2024-11-12,TCS.NS,4216.0,4218.0,4164.35009765625,4197.39990234375,4056.303466796875,1587640
2024-11-13,TCS.NS,4178.10009765625,4196.75,4131.0498046875,4150.35009765625,4010.835205078125,1098813
2024-11-14,TCS.NS,4135.0,4160.0,4116.4501953125,4145.89990234375,4006.534912109375,1825432
2024-11-18,TCS.NS,4213.0,4213.0,3990.199951171875,4019.5,3884.3837890625,3313944
2024-11-19,TCS.NS,4019.89990234375,4132.14990234375,4014.10009765625,4039.550048828125,3903.760009765625,1776233
2024-11-21,TCS.NS,4044.89990234375,4092.449951171875,4024.0,4072.85009765625,3935.940673828125,2384347
2024-11-22,TCS.NS,4071.0,4254.9501953125,4054.0,4244.60009765625,4101.91748046875,3096553
2024-11-25,TCS.NS,4280.0,4328.10009765625,4252.2001953125,4315.10009765625,4170.04736328125,4052167
2024-11-26,TCS.NS,4321.0498046875,4366.60009765625,4310.0,4352.7001953125,4206.3837890625,2060669
2024-11-27,TCS.NS,4358.9501953125,4377.39990234375,4324.0498046875,4332.5498046875,4186.91064453125,1558993
2024-11-28,TCS.NS,4319.0,4339.9501953125,4233.0,4244.89990234375,4102.20703125,2558544
2024-11-29,TCS.NS,4220.0,4298.7001953125,4195.64990234375,4270.85009765625,4127.28466796875,2017425
2024-12-02,TCS.NS,4270.0,4288.2001953125,4230.0498046875,4276.64990234375,4132.8896484375,1670944
2024-12-03,TCS.NS,4314.35009765625,4325.0,4265.4501953125,4302.75,4158.11279296875,2010905
2024-12-04,TCS.NS,4313.5498046875,4386.9501953125,4289.0498046875,4354.39990234375,4208.0263671875,3302642
2024-12-05,TCS.NS,4400.7998046875,4489.0,4360.0,4464.0498046875,4313.990234375,3746747
2024-12-06,TCS.NS,4453.0,4465.0,4412.75,4445.5,4296.06396484375,1842087
2024-12-09,TCS.NS,4430.4501953125,4469.39990234375,4415.5498046875,4452.14990234375,4302.490234375,2066639
2024-12-10,TCS.NS,4426.14990234375,4493.7998046875,4412.10009765625,4432.5498046875,4283.54931640625,2087828
2024-12-11,TCS.NS,4431.85009765625,4448.64990234375,4407.0,4427.4501953125,4278.62109375,1635256
2024-12-12,TCS.NS,4430.0498046875,4485.0,4426.0,4454.9501953125,4305.1962890625,1914642
2024-12-13,TCS.NS,4434.9501953125,4494.89990234375,4394.39990234375,4473.89990234375,4323.509765625,1967048
2024-12-16,TCS.NS,4459.0,4475.0,4397.0,4415.2001953125,4266.78271484375,1646224
2024-12-17,TCS.NS,4410.0,4432.9501953125,4318.0,4328.5,4182.99658203125,3225027
2024-12-18,TCS.NS,4311.7001953125,4362.0,4289.60009765625,4347.85009765625,4201.6962890625,1575404
2024-12-19,TCS.NS,4282.0,4364.0,4262.0,4271.89990234375,4128.298828125,3015763
2024-12-20,TCS.NS,4329.0,4382.0,4152.5,4170.2998046875,4030.114501953125,4116989
2024-12-23,TCS.NS,4200.0498046875,4217.0,4114.89990234375,4158.2998046875,4018.51806640625,2195338
2024-12-24,TCS.NS,4158.2998046875,4218.0,4158.2998046875,4179.5,4039.005126953125,1181886
2024-12-26,TCS.NS,4179.5,4199.9501953125,4143.14990234375,4169.10009765625,4028.955078125,1208464
2024-12-27,TCS.NS,4163.0,4180.9501953125,4147.25,4164.85009765625,4024.8486328125,858100
2024-12-30,TCS.NS,4151.0,4199.2998046875,4112.0,4158.7998046875,4019.0009765625,1527169
2024-12-31,TCS.NS,4135.0,4139.9501953125,4032.050048828125,4094.800048828125,3957.152587890625,1555429
2025-01-01,TCS.NS,4094.39990234375,4134.0,4085.449951171875,4112.4501953125,3974.20947265625,763161
2025-01-02,TCS.NS,4120.0,4183.0,4096.9501953125,4175.75,4035.3818359375,1720835
2025-01-03,TCS.NS,4179.9501953125,4179.9501953125,4092.300048828125,4099.89990234375,3962.0810546875,1791953
2025-01-06,TCS.NS,4105.5,4149.64990234375,4066.39990234375,4095.0,3957.345947265625,2085593
2025-01-07,TCS.NS,4114.9501953125,4140.35009765625,4011.550048828125,4028.300048828125,3892.88818359375,2669054
2025-01-08,TCS.NS,4034.89990234375,4126.0,4017.75,4108.39990234375,3970.29541015625,2181277
2025-01-09,TCS.NS,4101.0,4137.75,4025.300048828125,4038.85009765625,3903.08349609375,2392472
2025-01-10,TCS.NS,4200.0,4297.0,4170.0,4265.64990234375,4122.25927734375,7894300
2025-01-13,TCS.NS,4245.0,4322.9501953125,4227.39990234375,4291.10009765625,4146.85400390625,4003771
2025-01-14,TCS.NS,4302.0,4313.89990234375,4219.0498046875,4233.0498046875,4090.7548828125,3441709
2025-01-15,TCS.NS,4218.0,4256.4501953125,4207.4501953125,4249.60009765625,4106.74951171875,1653474
2025-01-16,TCS.NS,4260.0,4294.0,4191.85009765625,4206.2998046875,4064.904541015625,2637705
2025-01-17,TCS.NS,4159.89990234375,4160.60009765625,4100.0498046875,4124.2998046875,4058.99951171875,1761466
2025-01-20,TCS.NS,4145.7998046875,4145.7998046875,4068.10009765625,4077.800048828125,4013.236083984375,1287799
2025-01-21,TCS.NS,4095.300048828125,4111.0,4030.0,4035.85009765625,3971.950439453125,1971591
2025-01-22,TCS.NS,4050.0,4163.14990234375,4044.199951171875,4156.60009765625,4090.78857421875,2409223
2025-01-23,TCS.NS,4168.0,4191.35009765625,4140.0498046875,4145.4501953125,4079.81494140625,1822998
2025-01-24,TCS.NS,4104.0,4178.0,4104.0,4152.35009765625,4086.60546875,1910099
2025-01-27,TCS.NS,4102.0,4156.35009765625,4041.050048828125,4065.14990234375,4000.7861328125,1551782
2025-01-28,TCS.NS,4070.800048828125,4102.0,4028.300048828125,4040.300048828125,3976.329833984375,2468272
2025-01-29,TCS.NS,4054.0,4107.85009765625,4054.0,4099.7998046875,4034.887451171875,1217089
2025-01-30,TCS.NS,4099.89990234375,4129.89990234375,4058.5,4100.0498046875,4035.133544921875,1531251
2025-01-31,TCS.NS,4110.0,4128.4501953125,4085.25,4112.39990234375,4047.2880859375,1492943
2025-02-01,TCS.NS,4113.0,4135.89990234375,4056.0,4073.14990234375,4008.65966796875,437172
2025-02-03,TCS.NS,4030.89990234375,4077.0,3998.699951171875,4068.64990234375,4004.230712890625,1265713
2025-02-04,TCS.NS,4083.699951171875,4118.85009765625,4066.050048828125,4107.0498046875,4042.022705078125,2547132
2025-02-05,TCS.NS,4150.0,4150.0,4076.0,4091.10009765625,4026.325439453125,1693912
2025-02-06,TCS.NS,4105.39990234375,4139.5,4051.550048828125,4082.75,4018.107421875,2284536
2025-02-07,TCS.NS,4090.0,4090.0,4008.0,4029.39990234375,3965.60205078125,1548940
2025-02-10,TCS.NS,4040.0,4052.0,4014.35009765625,4036.949951171875,3973.03271484375,1339511
2025-02-11,TCS.NS,4018.39990234375,4040.0,3955.0,3963.550048828125,3900.794921875,1810908
2025-02-12,TCS.NS,3971.10009765625,4021.75,3940.14990234375,3950.14990234375,3887.60693359375,1678002
2025-02-13,TCS.NS,3968.0,3984.449951171875,3902.25,3910.14990234375,3848.240234375,2277310
2025-02-14,TCS.NS,3925.0,3948.0,3900.0,3934.85009765625,3872.54931640625,1681975
2025-02-17,TCS.NS,3856.5,3934.0,3856.199951171875,3904.5,3842.6796875,1799806
2025-02-18,TCS.NS,3898.39990234375,3924.39990234375,3864.5,3873.199951171875,3811.875244140625,2149879
2025-02-19,TCS.NS,3872.199951171875,3874.949951171875,3768.14990234375,3784.10009765625,3724.186279296875,4366672
2025-02-20,TCS.NS,3761.5,3788.0,3751.300048828125,3779.39990234375,3719.560302734375,2888572
2025-02-21,TCS.NS,3776.10009765625,3817.0,3775.0,3786.0,3726.05615234375,1833931
2025-02-24,TCS.NS,3743.14990234375,3763.199951171875,3670.0,3675.60009765625,3617.404052734375,2508516
2025-02-25,TCS.NS,3625.0,3658.0,3621.25,3629.550048828125,3572.0830078125,4101954
2025-02-27,TCS.NS,3611.699951171875,3638.0,3600.699951171875,3612.550048828125,3555.352294921875,3823856
2025-02-28,TCS.NS,3584.949951171875,3600.0,3457.0,3483.25,3428.099609375,7085018
2025-03-03,TCS.NS,3485.0,3523.25,3476.14990234375,3493.050048828125,3437.744384765625,4990439
2025-03-04,TCS.NS,3474.0,3551.0,3464.300048828125,3532.050048828125,3476.126953125,2797737
2025-03-05,TCS.NS,3520.85009765625,3600.35009765625,3520.85009765625,3547.050048828125,3490.889404296875,2501894
2025-03-06,TCS.NS,3557.0,3609.449951171875,3536.10009765625,3601.60009765625,3544.575927734375,2786513
2025-03-07,TCS.NS,3600.0,3625.0,3574.39990234375,3611.199951171875,3554.0234375,2051315
2025-03-10,TCS.NS,3606.5,3622.10009765625,3582.60009765625,3589.64990234375,3532.814697265625,1004626
2025-03-11,TCS.NS,3558.0,3588.75,3537.64990234375,3575.300048828125,3518.69189453125,1995450
2025-03-12,TCS.NS,3565.0,3569.25,3486.85009765625,3506.199951171875,3450.68603515625,3174167
2025-03-13,TCS.NS,3502.300048828125,3524.300048828125,3484.10009765625,3511.050048828125,3455.459228515625,1693004
2025-03-17,TCS.NS,3489.0,3530.449951171875,3477.35009765625,3497.699951171875,3442.320556640625,2690906
2025-03-18,TCS.NS,3497.699951171875,3497.699951171875,3497.699951171875,3497.699951171875,3442.320556640625,0
2025-03-19,TCS.NS,3547.0,3547.0,3462.75,3497.10009765625,3441.730224609375,3051244
2025-03-20,TCS.NS,3512.0,3578.949951171875,3512.0,3563.14990234375,3506.734375,2845192
2025-03-21,TCS.NS,3475.0,3616.25,3465.0,3578.10009765625,3521.44775390625,4161925
2025-03-24,TCS.NS,3600.0,3649.75,3566.60009765625,3628.949951171875,3571.492431640625,1834751
2025-03-25,TCS.NS,3645.0,3710.0,3638.0,3657.75,3599.836669921875,3135390
2025-03-26,TCS.NS,3647.75,3680.5,3625.85009765625,3635.800048828125,3578.234375,1734499
2025-03-27,TCS.NS,3614.85009765625,3663.0,3610.5,3651.199951171875,3593.39013671875,2528474
2025-03-28,TCS.NS,3651.0,3660.949951171875,3591.89990234375,3606.14990234375,3549.053466796875,2051919
2025-04-01,TCS.NS,3572.699951171875,3584.0,3525.0,3550.800048828125,3494.579833984375,2618493
2025-04-02,TCS.NS,3544.0,3564.10009765625,3530.050048828125,3543.949951171875,3487.838134765625,1764313
2025-04-03,TCS.NS,3491.0,3502.0,3396.14990234375,3403.14990234375,3349.267333984375,4537821
2025-04-04,TCS.NS,3362.60009765625,3399.64990234375,3295.5,3299.39990234375,3247.160400390625,5317367
2025-04-07,TCS.NS,3100.0,3291.39990234375,3056.050048828125,3274.050048828125,3222.2119140625,6623955
2025-04-08,TCS.NS,3302.050048828125,3349.0,3255.300048828125,3292.949951171875,3240.8125,5557558
2025-04-09,TCS.NS,3260.550048828125,3270.0,3212.050048828125,3246.60009765625,3195.1962890625,2990265
2025-04-11,TCS.NS,3289.550048828125,3298.949951171875,3206.0,3231.5,3180.33544921875,7108961
2025-04-15,TCS.NS,3314.39990234375,3314.39990234375,3238.60009765625,3248.199951171875,3196.77099609375,3512160
2025-04-16,TCS.NS,3248.199951171875,3278.10009765625,3229.0,3273.800048828125,3221.9658203125,2384391
2025-04-17,TCS.NS,3245.5,3303.60009765625,3218.0,3298.89990234375,3246.668212890625,2932346
2025-04-21,TCS.NS,3290.10009765625,3354.0,3284.10009765625,3321.60009765625,3269.009033203125,2432946
2025-04-22,TCS.NS,3322.60009765625,3333.89990234375,3295.0,3314.39990234375,3261.9228515625,2710498
2025-04-23,TCS.NS,3365.0,3420.89990234375,3337.300048828125,3413.0,3358.9619140625,3543923
2025-04-24,TCS.NS,3401.10009765625,3412.5,3387.699951171875,3401.60009765625,3347.742431640625,2252175
2025-04-25,TCS.NS,3420.0,3477.800048828125,3405.0,3448.0,3393.40771484375,2742991
2025-04-28,TCS.NS,3435.0,3457.800048828125,3405.0,3443.5,3388.978759765625,1593296
2025-04-29,TCS.NS,3455.0,3495.0,3430.39990234375,3472.5,3417.519775390625,1578332
2025-04-30,TCS.NS,3472.0,3509.89990234375,3366.0,3453.699951171875,3399.017333984375,2809332
2025-05-02,TCS.NS,3472.0,3491.5,3420.0,3431.0,3376.676513671875,1721761
2025-05-05,TCS.NS,3450.0,3504.5,3446.39990234375,3454.300048828125,3399.60791015625,1284443
2025-05-06,TCS.NS,3460.0,3473.0,3437.0,3460.0,3405.2177734375,1324763
2025-05-07,TCS.NS,3420.60009765625,3459.5,3420.60009765625,3445.10009765625,3390.5537109375,1477128
2025-05-08,TCS.NS,3448.0,3477.0,3428.699951171875,3448.89990234375,3394.293212890625,2543591
2025-05-09,TCS.NS,3399.0,3446.199951171875,3398.10009765625,3440.300048828125,3385.82958984375,2531757
2025-05-12,TCS.NS,3505.0,3630.5,3502.199951171875,3620.39990234375,3563.07763671875,2228678
2025-05-13,TCS.NS,3620.39990234375,3623.0,3510.5,3515.0,3459.3466796875,3062887
2025-05-14,TCS.NS,3521.0,3561.0,3508.60009765625,3548.699951171875,3492.51318359375,2119499
2025-05-15,TCS.NS,3564.0,3600.0,3514.10009765625,3579.89990234375,3523.218994140625,3548330
2025-05-16,TCS.NS,3593.89990234375,3593.89990234375,3546.10009765625,3561.300048828125,3504.913818359375,1666727
2025-05-19,TCS.NS,3550.0,3550.0,3503.699951171875,3518.800048828125,3463.086669921875,2537377
2025-05-20,TCS.NS,3531.800048828125,3558.0,3494.0,3498.300048828125,3442.911376953125,2038374
2025-05-21,TCS.NS,3508.0,3537.0,3498.300048828125,3525.800048828125,3469.9755859375,1440153
2025-05-22,TCS.NS,3495.0,3497.800048828125,3451.300048828125,3477.0,3421.9482421875,2034383
2025-05-23,TCS.NS,3477.0,3535.0,3465.60009765625,3514.60009765625,3458.953125,1274331
2025-05-26,TCS.NS,3521.0,3545.0,3510.10009765625,3537.300048828125,3481.293701171875,967470
2025-05-27,TCS.NS,3532.0,3540.0,3483.10009765625,3498.699951171875,3443.3046875,2467680
2025-05-28,TCS.NS,3520.0,3529.0,3493.0,3497.699951171875,3442.320556640625,1222933
2025-05-29,TCS.NS,3504.699951171875,3532.5,3486.5,3498.10009765625,3442.71435546875,3188072
2025-05-30,TCS.NS,3490.0,3506.699951171875,3453.10009765625,3463.39990234375,3408.563720703125,3404365
2025-06-02,TCS.NS,3450.0,3460.0,3418.60009765625,3449.800048828125,3395.17919921875,1877585
2025-06-03,TCS.NS,3446.0,3473.5,3400.5,3405.199951171875,3351.28515625,2848125
2025-06-04,TCS.NS,3389.0,3394.800048828125,3370.0,3380.89990234375,3356.94482421875,2544807
2025-06-05,TCS.NS,3409.0,3409.0,3363.699951171875,3371.10009765625,3347.21435546875,3584683
2025-06-06,TCS.NS,3371.10009765625,3390.89990234375,3358.699951171875,3384.199951171875,3360.221435546875,2070390
2025-06-09,TCS.NS,3400.0,3434.0,3390.89990234375,3421.89990234375,3397.654296875,1718678
2025-06-10,TCS.NS,3440.0,3485.800048828125,3423.199951171875,3462.89990234375,3438.36376953125,2419874
2025-06-11,TCS.NS,3470.0,3489.0,3449.10009765625,3471.89990234375,3447.300048828125,2847013
2025-06-12,TCS.NS,3471.89990234375,3474.699951171875,3423.199951171875,3434.199951171875,3409.8671875,4060134
2025-06-13,TCS.NS,3393.199951171875,3450.5,3393.199951171875,3445.699951171875,3421.28564453125,2178493
2025-06-16,TCS.NS,3440.0,3509.0,3426.199951171875,3496.300048828125,3471.527099609375,1934088
2025-06-17,TCS.NS,3510.0,3520.0,3488.10009765625,3515.300048828125,3490.392578125,2111940
2025-06-18,TCS.NS,3519.10009765625,3538.0,3443.10009765625,3451.39990234375,3426.9453125,2696327
2025-06-19,TCS.NS,3450.0,3451.0,3413.0,3424.0,3399.739501953125,2672768
2025-06-20,TCS.NS,3425.0,3446.300048828125,3410.89990234375,3435.699951171875,3411.3564453125,2351248
2025-06-23,TCS.NS,3415.0,3425.0,3370.0,3393.60009765625,3369.554931640625,3123421
2025-06-24,TCS.NS,3434.60009765625,3442.10009765625,3382.0,3390.39990234375,3366.37744140625,3403048
2025-06-25,TCS.NS,3407.300048828125,3450.0,3400.0,3444.800048828125,3420.39208984375,1757699
2025-06-26,TCS.NS,3444.800048828125,3451.39990234375,3415.300048828125,3441.800048828125,3417.413330078125,2879106
2025-06-27,TCS.NS,3455.0,3466.39990234375,3431.0,3441.10009765625,3416.718505859375,1778433
2025-06-30,TCS.NS,3439.89990234375,3464.89990234375,3430.0,3462.0,3437.469970703125,1468351
2025-07-01,TCS.NS,3455.0,3485.0,3413.5,3429.699951171875,3405.39892578125,2375183
2025-07-02,TCS.NS,3487.199951171875,3489.89990234375,3420.0,3423.300048828125,3399.044189453125,3090585
2025-07-03,TCS.NS,3430.0,3435.300048828125,3397.60009765625,3400.800048828125,3376.703857421875,2531870
2025-07-04,TCS.NS,3408.0,3427.0,3390.10009765625,3419.800048828125,3395.5693359375,1109320
2025-07-07,TCS.NS,3418.300048828125,3426.10009765625,3408.39990234375,3411.699951171875,3387.526611328125,1639174
2025-07-08,TCS.NS,3405.0,3425.0,3393.39990234375,3406.199951171875,3382.0654296875,2325242
2025-07-09,TCS.NS,3410.0,3414.0,3367.0,3383.800048828125,3359.824462890625,2034938
2025-07-10,TCS.NS,3380.0,3399.0,3356.0,3382.0,3358.037109375,3035012
2025-07-11,TCS.NS,3299.89990234375,3335.0,3261.10009765625,3266.0,3242.859130859375,7635550
2025-07-14,TCS.NS,3266.0,3272.0,3200.0,3222.699951171875,3199.86572265625,3924009
2025-07-15,TCS.NS,3206.0,3259.39990234375,3206.0,3252.300048828125,3229.256103515625,2590889
2025-07-16,TCS.NS,3227.0,3244.89990234375,3220.60009765625,3233.10009765625,3221.08642578125,2540733
2025-07-17,TCS.NS,3224.10009765625,3242.0,3204.10009765625,3209.199951171875,3197.275146484375,2947640
2025-07-18,TCS.NS,3225.0,3228.800048828125,3187.0,3189.89990234375,3178.046875,3432645
2025-07-21,TCS.NS,3190.0,3197.60009765625,3152.0,3158.199951171875,3146.464599609375,3844346
2025-07-22,TCS.NS,3159.60009765625,3180.10009765625,3154.60009765625,3159.60009765625,3147.859619140625,3198036
2025-07-23,TCS.NS,3159.60009765625,3182.0,3157.60009765625,3179.10009765625,3167.287109375,1922875
2025-07-24,TCS.NS,3165.10009765625,3173.699951171875,3140.0,3148.0,3136.302734375,2934778
2025-07-25,TCS.NS,3140.0,3156.89990234375,3125.60009765625,3135.800048828125,3124.14794921875,2568917
2025-07-28,TCS.NS,3110.0,3118.0,3069.89990234375,3079.300048828125,3067.85791015625,3374473
2025-07-29,TCS.NS,3060.0,3074.0,3041.199951171875,3056.0,3044.64453125,4785312
2025-07-30,TCS.NS,3060.0,3069.0,3047.199951171875,3053.60009765625,3042.25341796875,2880121
2025-07-31,TCS.NS,3041.699951171875,3059.800048828125,3015.0,3036.800048828125,3025.515869140625,2968371
2025-08-01,TCS.NS,3029.89990234375,3036.800048828125,3000.0,3003.0,2991.84130859375,2053847
2025-08-04,TCS.NS,3009.10009765625,3079.39990234375,2991.60009765625,3074.39990234375,3062.97607421875,2519252
2025-08-05,TCS.NS,3074.39990234375,3077.5,3042.0,3063.89990234375,3052.51513671875,1927996
2025-08-06,TCS.NS,3063.0,3066.800048828125,3026.0,3032.300048828125,3021.032470703125,1487081
2025-08-07,TCS.NS,3016.0,3051.60009765625,3010.89990234375,3047.0,3035.677978515625,2543076
2025-08-08,TCS.NS,3048.10009765625,3059.800048828125,3025.0,3036.39990234375,3025.1171875,2762140
2025-08-11,TCS.NS,3036.39990234375,3049.89990234375,3021.300048828125,3040.800048828125,3029.5009765625,1884215
2025-08-12,TCS.NS,3041.0,3096.39990234375,3026.89990234375,3035.39990234375,3024.120849609375,3358232
2025-08-13,TCS.NS,3036.10009765625,3044.39990234375,3028.60009765625,3036.199951171875,3024.91796875,2148166
2025-08-14,TCS.NS,3034.0,3055.89990234375,3019.10009765625,3022.300048828125,3011.06982421875,3342174
2025-08-18,TCS.NS,3046.5,3049.0,3003.39990234375,3011.199951171875,3000.010986328125,2945609
2025-08-19,TCS.NS,3011.199951171875,3025.0,3011.10009765625,3016.199951171875,3004.992431640625,2650784
2025-08-20,TCS.NS,3010.89990234375,3103.39990234375,3010.89990234375,3098.60009765625,3087.086181640625,4952358
2025-08-21,TCS.NS,3130.0,3130.0,3083.10009765625,3102.60009765625,3091.071533203125,3230726
2025-08-22,TCS.NS,3086.0,3095.699951171875,3050.0,3054.0,3042.65185546875,1593791
2025-08-25,TCS.NS,3087.300048828125,3152.0,3077.10009765625,3140.60009765625,3128.93017578125,3448370
2025-08-26,TCS.NS,3129.0,3162.0,3120.0,3157.199951171875,3145.468505859375,5522097
2025-08-28,TCS.NS,3145.0,3146.5,3086.5,3093.699951171875,3082.204345703125,3116051
2025-08-29,TCS.NS,3093.0,3115.0,3077.199951171875,3084.699951171875,3073.23779296875,2271789
2025-09-01,TCS.NS,3090.0,3131.10009765625,3090.0,3112.60009765625,3101.0341796875,1246862
2025-09-02,TCS.NS,3121.10009765625,3155.0,3103.10009765625,3111.5,3099.938232421875,2185229
2025-09-03,TCS.NS,3129.89990234375,3141.89990234375,3088.0,3097.5,3085.990234375,1799774
2025-09-04,TCS.NS,3116.0,3118.0,3090.800048828125,3095.699951171875,3084.197021484375,1481391
2025-09-05,TCS.NS,3097.10009765625,3103.39990234375,3028.60009765625,3048.300048828125,3036.97314453125,2802055
2025-09-08,TCS.NS,3050.0,3064.89990234375,3016.0,3019.0,3007.781982421875,2626187
2025-09-09,TCS.NS,3032.10009765625,3060.0,3030.800048828125,3049.39990234375,3038.06884765625,2489301
2025-09-10,TCS.NS,3056.39990234375,3122.699951171875,3053.39990234375,3110.0,3098.44384765625,2079428
2025-09-11,TCS.NS,3139.0,3139.0,3110.10009765625,3124.199951171875,3112.591064453125,2263446
2025-09-12,TCS.NS,3144.0,3148.699951171875,3121.0,3133.39990234375,3121.7568359375,1447167
2025-09-15,TCS.NS,3134.0,3134.0,3096.0,3111.89990234375,3100.336669921875,1732539
2025-09-16,TCS.NS,3128.0,3150.0,3109.10009765625,3145.699951171875,3134.01123046875,2573429
2025-09-17,TCS.NS,3152.0,3182.39990234375,3142.39990234375,3172.800048828125,3161.010498046875,2418271
2025-09-18,TCS.NS,3185.0,3203.0,3161.39990234375,3176.699951171875,3164.89599609375,2633138
2025-09-19,TCS.NS,3170.0,3180.5,3144.0,3169.199951171875,3157.423828125,4901694
2025-09-22,TCS.NS,3095.0,3106.89990234375,3065.0,3073.800048828125,3062.37841796875,3634901
2025-09-23,TCS.NS,3070.0,3080.699951171875,3052.0,3062.39990234375,3051.0205078125,3177741
2025-09-24,TCS.NS,3050.0,3057.0,3033.0,3035.39990234375,3024.120849609375,1625714
2025-09-25,TCS.NS,3022.0,3029.60009765625,2951.0,2957.39990234375,2946.41064453125,4974361
2025-09-26,TCS.NS,2941.0,2954.800048828125,2891.300048828125,2899.10009765625,2888.32763671875,3934636
2025-09-29,TCS.NS,2916.0,2929.300048828125,2894.0,2896.10009765625,2885.338623046875,3110035
2025-09-30,TCS.NS,2911.0,2915.300048828125,2885.10009765625,2888.39990234375,2877.667236328125,2253458
2025-10-01,TCS.NS,2891.0,2924.800048828125,2866.60009765625,2914.199951171875,2903.371337890625,1952902
2025-10-03,TCS.NS,2924.0,2924.0,2891.10009765625,2901.89990234375,2891.116943359375,2899519
2025-10-06,TCS.NS,2902.0,2993.60009765625,2895.60009765625,2988.39990234375,2977.295654296875,2112774
2025-10-07,TCS.NS,2995.0,3004.5,2955.5,2973.699951171875,2962.650146484375,3062943
2025-10-08,TCS.NS,2975.0,3043.0,2968.0,3027.199951171875,3015.951416015625,4121889
2025-10-09,TCS.NS,3034.0,3066.0,3020.0,3061.699951171875,3050.3232421875,3211304
2025-10-10,TCS.NS,3050.0,3070.0,3006.89990234375,3028.300048828125,3017.04736328125,8817365
2025-10-13,TCS.NS,3027.0,3035.5,2998.199951171875,3007.199951171875,2996.02587890625,2866865
2025-10-14,TCS.NS,3021.0,3027.199951171875,2955.5,2960.300048828125,2949.300048828125,3611416
2025-10-15,TCS.NS,2971.0,2979.699951171875,2951.0,2969.800048828125,2969.800048828125,4282226
2025-10-16,TCS.NS,2969.89990234375,2975.0,2943.10009765625,2970.699951171875,2970.699951171875,3250332
2024-10-17,INFY.NS,1935.199951171875,1978.0,1930.1500244140625,1968.0999755859375,1918.9434814453125,8162822
2024-10-18,INFY.NS,1893.800048828125,1936.8499755859375,1869.25,1879.5999755859375,1832.6539306640625,10526196
2024-10-21,INFY.NS,1891.0999755859375,1898.800048828125,1838.0,1852.75,1806.474609375,4654601
2024-10-22,INFY.NS,1858.199951171875,1877.800048828125,1846.949951171875,1851.5999755859375,1805.3531494140625,4125240
2024-10-23,INFY.NS,1845.25,1886.0,1844.0,1873.4000244140625,1826.60888671875,4311910
2024-10-24,INFY.NS,1861.4000244140625,1884.0,1860.0,1863.3499755859375,1816.809814453125,2906475
2024-10-25,INFY.NS,1863.449951171875,1876.3499755859375,1846.4000244140625,1862.050048828125,1815.5423583984375,4689120
2024-10-28,INFY.NS,1859.699951171875,1881.9000244140625,1857.0,1865.3499755859375,1818.7598876953125,7018940
2024-10-29,INFY.NS,1846.0,1851.5999755859375,1829.0,1839.300048828125,1813.7799072265625,4621252
2024-10-30,INFY.NS,1832.0,1839.0,1796.3499755859375,1802.0999755859375,1777.0960693359375,5919715
2024-10-31,INFY.NS,1787.9000244140625,1787.9000244140625,1746.5,1757.25,1732.868408203125,7395236
2024-11-01,INFY.NS,1764.5,1766.0,1752.050048828125,1760.8499755859375,1736.4183349609375,371966
2024-11-04,INFY.NS,1724.5,1767.0,1718.0,1763.6500244140625,1739.1795654296875,7336722
2024-11-05,INFY.NS,1760.0,1768.449951171875,1745.0,1754.199951171875,1729.860595703125,3160880
2024-11-06,INFY.NS,1764.0,1827.199951171875,1762.6500244140625,1823.699951171875,1798.3963623046875,10421494
2024-11-07,INFY.NS,1812.949951171875,1825.699951171875,1787.0,1803.050048828125,1778.032958984375,4550965
2024-11-08,INFY.NS,1818.0,1840.5999755859375,1813.1500244140625,1829.949951171875,1804.5595703125,4210960
2024-11-11,INFY.NS,1829.0,1868.0,1822.550048828125,1860.0999755859375,1834.291259765625,3804234
2024-11-12,INFY.NS,1871.0999755859375,1881.0,1861.0,1868.800048828125,1842.87060546875,5012450
2024-11-13,INFY.NS,1861.0999755859375,1873.199951171875,1856.300048828125,1868.4000244140625,1842.4761962890625,4257495
2024-11-14,INFY.NS,1865.5999755859375,1876.0,1856.0,1864.550048828125,1838.6795654296875,4311431
2024-11-18,INFY.NS,1849.199951171875,1849.199951171875,1795.0,1811.449951171875,1786.3162841796875,4839244
2024-11-19,INFY.NS,1825.5,1859.699951171875,1820.550048828125,1824.75,1799.4317626953125,4669769
2024-11-21,INFY.NS,1842.0,1867.0,1820.5999755859375,1834.050048828125,1808.602783203125,5436504
2024-11-22,INFY.NS,1854.0999755859375,1914.050048828125,1834.0,1902.25,1875.8564453125,6301486
2024-11-25,INFY.NS,1916.0,1919.300048828125,1882.0,1889.699951171875,1863.4805908203125,12764638
2024-11-26,INFY.NS,1904.949951171875,1938.5999755859375,1897.300048828125,1924.1500244140625,1897.45263671875,6850495
2024-11-27,INFY.NS,1930.0999755859375,1941.4000244140625,1911.75,1924.5,1897.7977294921875,4447143
2024-11-28,INFY.NS,1914.9000244140625,1914.9000244140625,1851.6500244140625,1856.6500244140625,1830.88916015625,8468790
2024-11-29,INFY.NS,1851.0999755859375,1877.0,1845.0,1857.8499755859375,1832.072509765625,5244346
2024-12-02,INFY.NS,1859.0,1882.800048828125,1835.199951171875,1879.800048828125,1853.718017578125,2868263
2024-12-03,INFY.NS,1887.0,1899.75,1871.1500244140625,1892.0999755859375,1865.8472900390625,4715792
2024-12-04,INFY.NS,1884.0,1913.949951171875,1875.0,1889.25,1863.036865234375,4705573
2024-12-05,INFY.NS,1900.0,1949.9000244140625,1888.949951171875,1934.8499755859375,1908.004150390625,9050038
2024-12-06,INFY.NS,1932.800048828125,1937.949951171875,1912.4000244140625,1922.4000244140625,1895.7269287109375,3573331
2024-12-09,INFY.NS,1924.199951171875,1930.199951171875,1897.199951171875,1923.6500244140625,1896.9595947265625,4274645
2024-12-10,INFY.NS,1939.0,1965.5999755859375,1932.0,1948.550048828125,1921.51416015625,6174921
2024-12-11,INFY.NS,1955.0,1978.0,1952.0,1974.1500244140625,1946.7589111328125,5025612
2024-12-12,INFY.NS,1975.199951171875,1998.800048828125,1970.550048828125,1987.0,1959.4305419921875,6462130
2024-12-13,INFY.NS,1969.75,2006.449951171875,1953.800048828125,1999.699951171875,1971.954345703125,5362693
2024-12-16,INFY.NS,1995.449951171875,1999.5999755859375,1977.5999755859375,1980.050048828125,1952.5770263671875,3119221
2024-12-17,INFY.NS,1968.0,1982.0,1958.0,1976.5999755859375,1949.1749267578125,5811050
2024-12-18,INFY.NS,1966.800048828125,1984.949951171875,1961.5999755859375,1979.1500244140625,1951.6895751953125,3064095
2024-12-19,INFY.NS,1934.0,1959.75,1920.0,1946.199951171875,1919.1966552734375,5323592
2024-12-20,INFY.NS,1975.1500244140625,1979.949951171875,1911.25,1922.1500244140625,1895.4803466796875,11056720
2024-12-23,INFY.NS,1930.050048828125,1940.0,1909.0,1924.300048828125,1897.6005859375,2781793
2024-12-24,INFY.NS,1927.050048828125,1942.0,1840.0,1909.050048828125,1882.5621337890625,2360544
2024-12-26,INFY.NS,1909.050048828125,1919.75,1902.300048828125,1907.4000244140625,1880.93505859375,3623321
2024-12-27,INFY.NS,1909.4000244140625,1924.1500244140625,1903.9000244140625,1916.75,1890.1552734375,3937500
2024-12-30,INFY.NS,1915.699951171875,1916.0,1886.5,1906.0,1879.554443359375,7789055
2024-12-31,INFY.NS,1892.300048828125,1897.0,1845.050048828125,1880.0,1853.9151611328125,3613063
2025-01-01,INFY.NS,1874.0,1892.949951171875,1874.0,1882.5,1856.3804931640625,1838368
2025-01-02,INFY.NS,1887.0,1962.6500244140625,1885.300048828125,1957.8499755859375,1930.68505859375,7083645
2025-01-03,INFY.NS,1952.949951171875,1952.949951171875,1922.0,1938.75,1911.85009765625,6218003
2025-01-06,INFY.NS,1952.0,1973.0,1928.0,1937.8499755859375,1910.9625244140625,7164403
2025-01-07,INFY.NS,1945.0,1958.550048828125,1923.6500244140625,1930.8499755859375,1904.0596923828125,4294832
2025-01-08,INFY.NS,1930.0,1938.5999755859375,1888.75,1933.1500244140625,1906.3277587890625,5482050
2025-01-09,INFY.NS,1934.050048828125,1951.8499755859375,1910.550048828125,1917.300048828125,1890.69775390625,6833503
2025-01-10,INFY.NS,1937.0,1977.800048828125,1932.25,1966.949951171875,1939.65869140625,8036913
2025-01-13,INFY.NS,1956.0,1982.800048828125,1949.0,1962.199951171875,1934.974609375,5804152
2025-01-14,INFY.NS,1968.8499755859375,1971.800048828125,1931.0999755859375,1940.050048828125,1913.132080078125,5792162
2025-01-15,INFY.NS,1947.0,1958.050048828125,1937.0999755859375,1949.6500244140625,1922.598876953125,2985439
2025-01-16,INFY.NS,1965.949951171875,1966.949951171875,1916.8499755859375,1928.449951171875,1901.69287109375,7533579
2025-01-17,INFY.NS,1851.0,1858.0,1812.0,1815.449951171875,1790.2607421875,16409953
2025-01-20,INFY.NS,1822.949951171875,1827.949951171875,1793.1500244140625,1813.300048828125,1788.1407470703125,4333011
2025-01-21,INFY.NS,1819.050048828125,1831.6500244140625,1793.050048828125,1800.699951171875,1775.7154541015625,7169109
2025-01-22,INFY.NS,1807.4000244140625,1865.800048828125,1805.1500244140625,1856.449951171875,1830.69189453125,8373913
2025-01-23,INFY.NS,1858.0,1879.550048828125,1852.699951171875,1865.449951171875,1839.5670166015625,5907471
2025-01-24,INFY.NS,1865.5,1894.9000244140625,1864.25,1875.449951171875,1849.4283447265625,4887027
2025-01-27,INFY.NS,1848.75,1863.0,1812.0,1822.0,1796.719970703125,7652371
2025-01-28,INFY.NS,1830.0,1863.5,1824.9000244140625,1829.75,1804.3624267578125,6999495
2025-01-29,INFY.NS,1845.0,1888.6500244140625,1840.5,1881.25,1855.1478271484375,5145155
2025-01-30,INFY.NS,1873.1500244140625,1887.199951171875,1844.0,1859.949951171875,1834.143310546875,7336056
2025-01-31,INFY.NS,1871.0,1897.449951171875,1871.0,1879.800048828125,1853.718017578125,5820470
2025-02-01,INFY.NS,1880.300048828125,1890.5999755859375,1846.0,1851.3499755859375,1825.6627197265625,1701402
2025-02-03,INFY.NS,1836.0,1876.550048828125,1832.4000244140625,1863.300048828125,1837.447021484375,4823228
2025-02-04,INFY.NS,1889.0,1911.199951171875,1875.0,1898.800048828125,1872.4544677734375,7334787
2025-02-05,INFY.NS,1906.0,1919.699951171875,1894.300048828125,1897.050048828125,1870.7286376953125,4996744
2025-02-06,INFY.NS,1917.0,1924.0,1900.0,1915.6500244140625,1889.070556640625,4765255
2025-02-07,INFY.NS,1919.300048828125,1923.699951171875,1889.449951171875,1903.6500244140625,1877.237060546875,4126260
2025-02-10,INFY.NS,1905.0,1905.0,1878.5999755859375,1880.300048828125,1854.2110595703125,3828734
2025-02-11,INFY.NS,1883.0999755859375,1903.0,1870.0,1875.6500244140625,1849.6256103515625,4411601
2025-02-12,INFY.NS,1885.0,1894.5999755859375,1847.0,1863.1500244140625,1837.299072265625,5633947
2025-02-13,INFY.NS,1868.5,1873.5,1835.6500244140625,1843.25,1817.6751708984375,5237744
2025-02-14,INFY.NS,1854.0,1859.300048828125,1828.3499755859375,1856.4000244140625,1830.6427001953125,5292961
2025-02-17,INFY.NS,1838.550048828125,1852.75,1822.1500244140625,1842.300048828125,1816.73828125,4428956
2025-02-18,INFY.NS,1842.300048828125,1861.6500244140625,1837.5999755859375,1851.949951171875,1826.25439453125,4365260
2025-02-19,INFY.NS,1847.4000244140625,1849.199951171875,1805.9000244140625,1810.800048828125,1785.6754150390625,4611411
2025-02-20,INFY.NS,1805.550048828125,1831.0,1805.550048828125,1825.1500244140625,1799.8262939453125,2218020
2025-02-21,INFY.NS,1821.800048828125,1829.8499755859375,1806.199951171875,1815.0,1789.8170166015625,3379879
2025-02-24,INFY.NS,1800.050048828125,1808.0,1750.25,1764.0999755859375,1739.623291015625,7594720
2025-02-25,INFY.NS,1745.1500244140625,1778.449951171875,1745.1500244140625,1767.699951171875,1743.17333984375,5092963
2025-02-27,INFY.NS,1755.199951171875,1775.8499755859375,1751.0999755859375,1764.300048828125,1739.820556640625,5757079
2025-02-28,INFY.NS,1755.050048828125,1755.0999755859375,1682.449951171875,1687.699951171875,1664.2833251953125,12182167
2025-03-03,INFY.NS,1692.300048828125,1728.5999755859375,1692.300048828125,1708.5999755859375,1684.893310546875,7504969
2025-03-04,INFY.NS,1695.0,1699.0,1670.0,1688.300048828125,1664.8751220703125,6759673
2025-03-05,INFY.NS,1692.449951171875,1732.949951171875,1692.449951171875,1711.5,1687.753173828125,8180782
2025-03-06,INFY.NS,1715.0,1722.300048828125,1691.0999755859375,1715.8499755859375,1692.042724609375,10610547
2025-03-07,INFY.NS,1703.0999755859375,1705.0,1675.5,1686.0,1662.60693359375,8019331
2025-03-10,INFY.NS,1686.0,1719.0,1676.199951171875,1701.449951171875,1677.842529296875,7558981
2025-03-11,INFY.NS,1680.0,1680.0,1637.050048828125,1661.5999755859375,1638.54541015625,12671234
2025-03-12,INFY.NS,1636.9000244140625,1636.9000244140625,1563.800048828125,1590.8499755859375,1568.777099609375,14870008
2025-03-13,INFY.NS,1599.25,1606.050048828125,1570.300048828125,1579.8499755859375,1557.9296875,7822888
2025-03-17,INFY.NS,1545.1500244140625,1594.0,1545.1500244140625,1590.050048828125,1567.98828125,7526032
2025-03-18,INFY.NS,1590.050048828125,1590.050048828125,1590.050048828125,1590.050048828125,1567.98828125,0
2025-03-19,INFY.NS,1603.0,1603.0,1572.800048828125,1586.550048828125,1564.536865234375,7387068
2025-03-20,INFY.NS,1592.0,1631.9000244140625,1592.0,1615.550048828125,1593.134521484375,7186750
2025-03-21,INFY.NS,1577.949951171875,1603.9000244140625,1563.6500244140625,1592.550048828125,1570.45361328125,10074677
2025-03-24,INFY.NS,1597.949951171875,1607.0999755859375,1572.699951171875,1592.75,1570.6507568359375,8857726
2025-03-25,INFY.NS,1605.0,1636.1500244140625,1605.0,1628.449951171875,1605.8553466796875,9890140
2025-03-26,INFY.NS,1626.0,1637.75,1595.0,1599.449951171875,1577.2578125,6651302
2025-03-27,INFY.NS,1595.550048828125,1619.949951171875,1586.0,1603.550048828125,1581.301025390625,9426573
2025-03-28,INFY.NS,1590.0,1598.449951171875,1560.0,1570.6500244140625,1548.857421875,6799047
2025-04-01,INFY.NS,1539.25,1547.4000244140625,1517.8499755859375,1526.5,1505.3199462890625,12680733
2025-04-02,INFY.NS,1535.199951171875,1555.6500244140625,1535.199951171875,1550.1500244140625,1528.641845703125,6193478
2025-04-03,INFY.NS,1534.6500244140625,1534.6500244140625,1485.050048828125,1496.5,1475.7362060546875,10459504
2025-04-04,INFY.NS,1460.5,1472.0,1448.0,1451.6500244140625,1431.508544921875,9590254
2025-04-07,INFY.NS,1352.0,1405.9000244140625,1307.0,1396.75,1377.3702392578125,21715252
2025-04-08,INFY.NS,1431.0,1456.5,1415.0,1428.800048828125,1408.9755859375,12805001
2025-04-09,INFY.NS,1405.050048828125,1409.449951171875,1381.9000244140625,1403.699951171875,1384.2237548828125,8546854
2025-04-11,INFY.NS,1411.25,1438.800048828125,1397.050048828125,1409.449951171875,1389.89404296875,12567440
2025-04-15,INFY.NS,1445.5999755859375,1447.699951171875,1409.0,1426.0,1406.21435546875,10178530
2025-04-16,INFY.NS,1425.0,1427.5,1396.800048828125,1413.0999755859375,1393.493408203125,12022740
2025-04-17,INFY.NS,1398.0,1429.800048828125,1378.300048828125,1419.5,1399.8045654296875,14264227
2025-04-21,INFY.NS,1410.0,1471.800048828125,1410.0,1451.0,1430.8675537109375,15648970
2025-04-22,INFY.NS,1440.0,1440.0,1419.300048828125,1422.800048828125,1403.058837890625,9399738
2025-04-23,INFY.NS,1446.0,1487.800048828125,1439.5999755859375,1474.9000244140625,1454.4359130859375,11136642
2025-04-24,INFY.NS,1469.9000244140625,1482.9000244140625,1461.5,1471.4000244140625,1450.9844970703125,7114292
2025-04-25,INFY.NS,1475.5,1501.699951171875,1463.5,1480.199951171875,1459.662353515625,8329979
2025-04-28,INFY.NS,1480.199951171875,1489.5999755859375,1465.300048828125,1482.0999755859375,1461.5360107421875,5886253
2025-04-29,INFY.NS,1482.0,1509.800048828125,1474.0999755859375,1497.5,1476.722412109375,8056743
2025-04-30,INFY.NS,1496.800048828125,1508.800048828125,1482.5999755859375,1500.0999755859375,1479.2862548828125,7704183
2025-05-02,INFY.NS,1499.699951171875,1523.199951171875,1496.199951171875,1506.9000244140625,1485.991943359375,7402310
2025-05-05,INFY.NS,1515.0,1523.0,1502.800048828125,1508.5999755859375,1487.6683349609375,4282493
2025-05-06,INFY.NS,1506.0,1515.5999755859375,1499.0999755859375,1511.5,1490.528076171875,4270530
2025-05-07,INFY.NS,1500.0,1518.800048828125,1496.5999755859375,1508.300048828125,1487.37255859375,5691799
2025-05-08,INFY.NS,1508.0,1516.5,1501.199951171875,1511.4000244140625,1490.4295654296875,8424409
2025-05-09,INFY.NS,1500.699951171875,1511.4000244140625,1494.0999755859375,1507.5999755859375,1486.6822509765625,4478653
2025-05-12,INFY.NS,1537.0,1632.0,1532.0,1626.9000244140625,1604.3270263671875,11372857
2025-05-13,INFY.NS,1609.0,1612.199951171875,1564.5999755859375,1568.5999755859375,1546.8358154296875,12846210
2025-05-14,INFY.NS,1574.0,1595.0,1569.5,1592.4000244140625,1570.3056640625,4870057
2025-05-15,INFY.NS,1589.800048828125,1618.5999755859375,1571.0,1613.0,1590.6197509765625,11151167
2025-05-16,INFY.NS,1612.5999755859375,1612.5999755859375,1581.5,1589.9000244140625,1567.84033203125,4576751
2025-05-19,INFY.NS,1576.5,1585.0,1555.699951171875,1559.800048828125,1538.157958984375,8855798
2025-05-20,INFY.NS,1570.0,1583.5,1558.0,1560.5999755859375,1538.94677734375,7143998
2025-05-21,INFY.NS,1567.9000244140625,1571.0,1552.0999755859375,1568.5,1546.7371826171875,4157309
2025-05-22,INFY.NS,1555.5,1560.800048828125,1540.0,1547.5,1526.028564453125,6158990
2025-05-23,INFY.NS,1550.0,1587.199951171875,1550.0,1564.800048828125,1543.088623046875,5038421
2025-05-26,INFY.NS,1566.5999755859375,1583.800048828125,1562.699951171875,1580.5,1558.5706787109375,3170102
2025-05-27,INFY.NS,1579.9000244140625,1582.9000244140625,1556.4000244140625,1570.0999755859375,1548.3150634765625,7775714
2025-05-28,INFY.NS,1581.0,1587.699951171875,1570.0,1571.800048828125,1549.991455078125,3623370
2025-05-29,INFY.NS,1589.0,1608.9000244140625,1576.5999755859375,1585.5999755859375,1563.5999755859375,8609500
2025-05-30,INFY.NS,1571.0,1572.0,1555.0999755859375,1562.699951171875,1562.699951171875,13148092
2025-06-02,INFY.NS,1560.0,1560.0,1539.0,1553.800048828125,1553.800048828125,4374509
2025-06-03,INFY.NS,1559.0,1567.300048828125,1535.5999755859375,1543.0,1543.0,6853403
2025-06-04,INFY.NS,1543.0,1557.300048828125,1541.4000244140625,1551.199951171875,1551.199951171875,4548307
2025-06-05,INFY.NS,1547.9000244140625,1567.699951171875,1541.5999755859375,1554.300048828125,1554.300048828125,6948539
2025-06-06,INFY.NS,1554.699951171875,1568.9000244140625,1543.0999755859375,1563.800048828125,1563.800048828125,3960020
2025-06-09,INFY.NS,1578.0,1588.0,1571.0,1572.9000244140625,1572.9000244140625,2903202
2025-06-10,INFY.NS,1584.0,1607.5,1577.5,1596.0,1596.0,8591925
2025-06-11,INFY.NS,1590.0999755859375,1634.5999755859375,1590.0999755859375,1631.0999755859375,1631.0999755859375,10597410
2025-06-12,INFY.NS,1617.0,1628.0,1598.0999755859375,1608.5999755859375,1608.5999755859375,10483574
2025-06-13,INFY.NS,1576.0,1609.0,1570.199951171875,1602.0,1602.0,6968315
2025-06-16,INFY.NS,1600.0,1634.800048828125,1597.0999755859375,1623.800048828125,1623.800048828125,5591842
2025-06-17,INFY.NS,1620.699951171875,1647.4000244140625,1615.5999755859375,1639.9000244140625,1639.9000244140625,7622083
2025-06-18,INFY.NS,1621.0,1644.699951171875,1621.0,1632.9000244140625,1632.9000244140625,5629707
2025-06-19,INFY.NS,1623.9000244140625,1630.0,1611.5,1618.4000244140625,1618.4000244140625,5147760
2025-06-20,INFY.NS,1619.0,1630.699951171875,1608.9000244140625,1622.9000244140625,1622.9000244140625,9202821
2025-06-23,INFY.NS,1601.0,1601.0,1575.4000244140625,1584.0,1584.0,7943676
2025-06-24,INFY.NS,1601.0,1609.0,1576.5999755859375,1581.5999755859375,1581.5999755859375,8083992
2025-06-25,INFY.NS,1590.0,1619.9000244140625,1585.0999755859375,1614.9000244140625,1614.9000244140625,7813533
2025-06-26,INFY.NS,1608.800048828125,1624.0,1606.5999755859375,1616.0,1616.0,6519233
2025-06-27,INFY.NS,1619.0,1629.5999755859375,1602.4000244140625,1608.0,1608.0,8912268
2025-06-30,INFY.NS,1615.0,1615.0,1594.0999755859375,1601.800048828125,1601.800048828125,6294505
2025-07-01,INFY.NS,1609.0,1617.699951171875,1600.5,1606.800048828125,1606.800048828125,4178937
2025-07-02,INFY.NS,1618.0,1649.0,1603.4000244140625,1610.5,1610.5,8653641
2025-07-03,INFY.NS,1618.5,1632.4000244140625,1615.0,1618.699951171875,1618.699951171875,5259695
2025-07-04,INFY.NS,1625.0,1643.4000244140625,1612.300048828125,1640.699951171875,1640.699951171875,4411273
2025-07-07,INFY.NS,1640.0,1644.0,1623.0,1627.0,1627.0,3294523
2025-07-08,INFY.NS,1628.0,1646.199951171875,1621.5,1638.699951171875,1638.699951171875,4590681
2025-07-09,INFY.NS,1637.800048828125,1638.0,1623.5999755859375,1633.699951171875,1633.699951171875,4580828
2025-07-10,INFY.NS,1638.9000244140625,1638.9000244140625,1607.0999755859375,1615.800048828125,1615.800048828125,5330179
2025-07-11,INFY.NS,1579.0999755859375,1607.0999755859375,1563.0,1594.9000244140625,1594.9000244140625,11391755
2025-07-14,INFY.NS,1591.800048828125,1591.800048828125,1559.800048828125,1570.300048828125,1570.300048828125,9173426
2025-07-15,INFY.NS,1565.0999755859375,1603.5999755859375,1564.0,1585.5999755859375,1585.5999755859375,7614807
2025-07-16,INFY.NS,1579.0,1612.0,1578.5,1607.9000244140625,1607.9000244140625,6223491
2025-07-17,INFY.NS,1598.0,1610.0,1580.0999755859375,1583.5,1583.5,7374814
2025-07-18,INFY.NS,1592.0999755859375,1599.300048828125,1580.0,1586.0999755859375,1586.0999755859375,5161833
2025-07-21,INFY.NS,1580.0,1589.0,1566.800048828125,1584.300048828125,1584.300048828125,3682661
2025-07-22,INFY.NS,1565.0,1585.800048828125,1565.0,1570.9000244140625,1570.9000244140625,8473741
2025-07-23,INFY.NS,1576.300048828125,1591.9000244140625,1550.0,1574.5,1574.5,8035026
2025-07-24,INFY.NS,1580.0,1582.0,1548.199951171875,1552.5,1552.5,14169664
2025-07-25,INFY.NS,1543.4000244140625,1549.5,1511.300048828125,1515.699951171875,1515.699951171875,10851259
2025-07-28,INFY.NS,1513.9000244140625,1519.300048828125,1482.5,1516.0,1516.0,6439855
2025-07-29,INFY.NS,1512.9000244140625,1517.199951171875,1496.0999755859375,1513.699951171875,1513.699951171875,7070448
2025-07-30,INFY.NS,1519.9000244140625,1521.699951171875,1506.0,1519.0,1519.0,5719051
2025-07-31,INFY.NS,1509.699951171875,1527.0999755859375,1497.0,1509.0,1509.0,6851407
2025-08-01,INFY.NS,1493.9000244140625,1498.699951171875,1465.5,1469.5999755859375,1469.5999755859375,8702978
2025-08-04,INFY.NS,1461.5,1482.800048828125,1451.0,1480.5,1480.5,8610216
2025-08-05,INFY.NS,1478.699951171875,1478.699951171875,1455.0,1460.300048828125,1460.300048828125,10213323
2025-08-06,INFY.NS,1452.0,1456.0999755859375,1430.300048828125,1436.699951171875,1436.699951171875,10566934
2025-08-07,INFY.NS,1430.0,1442.0,1414.199951171875,1436.9000244140625,1436.9000244140625,9892020
2025-08-08,INFY.NS,1425.0,1433.199951171875,1417.0999755859375,1423.0999755859375,1423.0999755859375,10048009
2025-08-11,INFY.NS,1419.9000244140625,1433.4000244140625,1414.0,1428.199951171875,1428.199951171875,6625368
2025-08-12,INFY.NS,1428.199951171875,1441.0,1421.0,1424.0999755859375,1424.0999755859375,9899184
2025-08-13,INFY.NS,1425.0,1434.0,1422.4000244140625,1426.5999755859375,1426.5999755859375,10318063
2025-08-14,INFY.NS,1426.199951171875,1470.0,1426.199951171875,1447.699951171875,1447.699951171875,12902347
2025-08-18,INFY.NS,1464.699951171875,1464.699951171875,1429.5999755859375,1435.800048828125,1435.800048828125,7254561
2025-08-19,INFY.NS,1432.699951171875,1449.4000244140625,1432.699951171875,1440.0,1440.0,3986094
2025-08-20,INFY.NS,1440.699951171875,1499.0,1440.699951171875,1496.199951171875,1496.199951171875,10413061
2025-08-21,INFY.NS,1508.0,1508.0,1484.300048828125,1496.4000244140625,1496.4000244140625,6565539
2025-08-22,INFY.NS,1498.0999755859375,1504.300048828125,1486.0999755859375,1487.5,1487.5,5543397
2025-08-25,INFY.NS,1506.699951171875,1539.0,1506.699951171875,1532.0999755859375,1532.0999755859375,10694531
2025-08-26,INFY.NS,1523.0,1538.4000244140625,1518.5999755859375,1529.5999755859375,1529.5999755859375,15994798
2025-08-28,INFY.NS,1529.5999755859375,1529.5999755859375,1498.0,1500.0999755859375,1500.0999755859375,5443364
2025-08-29,INFY.NS,1501.9000244140625,1501.9000244140625,1467.699951171875,1469.5999755859375,1469.5999755859375,8169075
2025-09-01,INFY.NS,1476.699951171875,1503.4000244140625,1476.199951171875,1499.4000244140625,1499.4000244140625,4546057
2025-09-02,INFY.NS,1499.4000244140625,1512.800048828125,1486.300048828125,1498.699951171875,1498.699951171875,5218763
2025-09-03,INFY.NS,1500.0,1501.9000244140625,1473.0,1479.0999755859375,1479.0999755859375,4623483
2025-09-04,INFY.NS,1484.0,1484.0,1460.0999755859375,1463.0,1463.0,5787724
2025-09-05,INFY.NS,1470.0,1472.699951171875,1433.0,1444.5999755859375,1444.5999755859375,5466487
2025-09-08,INFY.NS,1451.0,1458.0,1428.300048828125,1432.9000244140625,1432.9000244140625,3811567
2025-09-09,INFY.NS,1481.0,1507.199951171875,1472.5,1504.300048828125,1504.300048828125,13072640
2025-09-10,INFY.NS,1510.0999755859375,1534.9000244140625,1509.300048828125,1532.5999755859375,1532.5999755859375,7281071
2025-09-11,INFY.NS,1523.9000244140625,1527.5,1506.5,1509.699951171875,1509.699951171875,8003662
2025-09-12,INFY.NS,1537.0,1542.9000244140625,1521.0999755859375,1525.5999755859375,1525.5999755859375,12856963
2025-09-15,INFY.NS,1525.5999755859375,1527.5,1501.199951171875,1508.4000244140625,1508.4000244140625,6167414
2025-09-16,INFY.NS,1508.4000244140625,1514.0,1503.5,1511.300048828125,1511.300048828125,8923112
2025-09-17,INFY.NS,1516.9000244140625,1526.699951171875,1514.0,1522.4000244140625,1522.4000244140625,4795698
2025-09-18,INFY.NS,1550.0,1555.0,1538.5,1540.5999755859375,1540.5999755859375,9331945
2025-09-19,INFY.NS,1544.5999755859375,1551.300048828125,1520.0999755859375,1540.199951171875,1540.199951171875,12988129
2025-09-22,INFY.NS,1482.699951171875,1514.699951171875,1482.0,1499.5,1499.5,15655204
2025-09-23,INFY.NS,1493.0,1513.0,1493.0,1497.5,1497.5,9832164
2025-09-24,INFY.NS,1487.199951171875,1496.699951171875,1482.699951171875,1494.5999755859375,1494.5999755859375,4937004
2025-09-25,INFY.NS,1489.0,1502.699951171875,1476.5,1484.800048828125,1484.800048828125,9491867
2025-09-26,INFY.NS,1475.0,1478.699951171875,1441.199951171875,1448.9000244140625,1448.9000244140625,8597058
2025-09-29,INFY.NS,1460.0,1465.0,1436.5,1441.800048828125,1441.800048828125,10513117
2025-09-30,INFY.NS,1443.0,1452.199951171875,1438.0999755859375,1441.800048828125,1441.800048828125,7556305
2025-10-01,INFY.NS,1446.0,1449.5,1427.4000244140625,1445.800048828125,1445.800048828125,6250692
2025-10-03,INFY.NS,1439.0,1448.300048828125,1433.199951171875,1446.5999755859375,1446.5999755859375,6877533
2025-10-06,INFY.NS,1446.5999755859375,1478.800048828125,1442.300048828125,1476.0,1476.0,4630590
2025-10-07,INFY.NS,1477.699951171875,1482.9000244140625,1454.0,1458.5,1458.5,5570320
2025-10-08,INFY.NS,1457.0,1498.0,1455.0,1495.0,1495.0,4657192
2025-10-09,INFY.NS,1502.0,1514.0,1487.0,1509.300048828125,1509.300048828125,7028753
2025-10-10,INFY.NS,1510.0,1521.699951171875,1498.800048828125,1514.9000244140625,1514.9000244140625,3738353
2025-10-13,INFY.NS,1497.0,1504.699951171875,1483.4000244140625,1493.199951171875,1493.199951171875,5859355
2025-10-14,INFY.NS,1499.0,1514.4000244140625,1486.5,1489.9000244140625,1489.9000244140625,5600789
2025-10-15,INFY.NS,1483.9000244140625,1488.5999755859375,1467.5,1474.4000244140625,1474.4000244140625,6986098
2025-10-16,INFY.NS,1473.9000244140625,1474.5,1460.5,1471.5,1471.5,8001284
